<ImportExportXml xmlns:xsi="http://www.w3.org/2001/XMLSchema-instance" OrganizationVersion="9.2.24112.182" OrganizationSchemaType="Standard" CRMServerServiceabilityVersion="9.2.24112.00182">
  <Entities></Entities>
  <Roles></Roles>
  <Workflows></Workflows>
  <FieldSecurityProfiles></FieldSecurityProfiles>
  <Templates />
  <EntityMaps />
  <EntityRelationships />
  <OrganizationSettings />
  <optionsets />
  <CustomControls />
  <SolutionPluginAssemblies>
    <PluginAssembly FullName="CS.Wizard.Helpers, Version=1.0.0.0, Culture=neutral, PublicKeyToken=cf79128faafd1d49" PluginAssemblyId="200930ea-12c8-47e3-bf80-cad968022068" CustomizationLevel="1">
      <IsolationMode>2</IsolationMode>
      <SourceType>0</SourceType>
      <IntroducedVersion>1.0</IntroducedVersion>
      <FileName>/PluginAssemblies/CSWizardHelpers-200930EA-12C8-47E3-BF80-CAD968022068/CSWizardHelpers.dll</FileName>
      <PluginTypes>
        <PluginType AssemblyQualifiedName="CustomWorkflow.UpdateContactOrganization, CS.Wizard.Helpers, Version=1.0.0.0, Culture=neutral, PublicKeyToken=cf79128faafd1d49" PluginTypeId="20467dcb-a501-4924-bb87-ea38b8133b00" Name="CustomWorkflow.UpdateContactOrganization">
          <FriendlyName>0f09664e-8d46-49ba-b1f8-8744df1e541d</FriendlyName>
          <WorkflowActivityGroupName>CS.Wizard.Helpers (1.0.0.0)</WorkflowActivityGroupName>
        </PluginType>
      </PluginTypes>
    </PluginAssembly>
  </SolutionPluginAssemblies>
  <EntityDataProviders />
  <Languages>
    <Language>1033</Language>
    <Language>1036</Language>
  </Languages>
</ImportExportXml>