<ImportExportXml version="9.2.24112.182" SolutionPackageVersion="9.2" languagecode="1033" generatedBy="CrmLive" xmlns:xsi="http://www.w3.org/2001/XMLSchema-instance" OrganizationVersion="9.2.24112.182" OrganizationSchemaType="Standard" CRMServerServiceabilityVersion="9.2.24112.00182">
  <SolutionManifest>
    <UniqueName>ContactProfile</UniqueName>
    <LocalizedNames>
      <LocalizedName description="Contact-Profile" languagecode="1033" />
    </LocalizedNames>
    <Descriptions />
    <Version>1.0.0.6</Version>
    <Managed>0</Managed>
    <Publisher>
      <UniqueName>cs</UniqueName>
      <LocalizedNames>
        <LocalizedName description="cs" languagecode="1033" />
      </LocalizedNames>
      <Descriptions />
      <EMailAddress xsi:nil="true"></EMailAddress>
      <SupportingWebsiteUrl xsi:nil="true"></SupportingWebsiteUrl>
      <CustomizationPrefix>cs</CustomizationPrefix>
      <CustomizationOptionValuePrefix>71764</CustomizationOptionValuePrefix>
      <Addresses />
    </Publisher>
    <RootComponents>
      <RootComponent type="91" id="{62d71f6f-7316-4c4c-8cb7-11518ce4ef40}" schemaName="FINTRAC.CustomWorkflowSteps, Version=1.0.0.0, Culture=neutral, PublicKeyToken=1336d6c13194ab6f" behavior="0" />
    </RootComponents>
    <MissingDependencies />
  </SolutionManifest>
</ImportExportXml>