<ImportExportXml version="9.2.24112.182" SolutionPackageVersion="9.2" languagecode="1033" generatedBy="CrmLive" xmlns:xsi="http://www.w3.org/2001/XMLSchema-instance" OrganizationVersion="9.2.24112.182" OrganizationSchemaType="Standard" CRMServerServiceabilityVersion="9.2.24112.00182">
  <SolutionManifest>
    <UniqueName>CSWizardHelpers</UniqueName>
    <LocalizedNames>
      <LocalizedName description="CS Wizard Helpers" languagecode="1033" />
    </LocalizedNames>
    <Descriptions />
    <Version>1.0.0.12</Version>
    <Managed>0</Managed>
    <Publisher>
      <UniqueName>cs</UniqueName>
      <LocalizedNames>
        <LocalizedName description="cs" languagecode="1033" />
      </LocalizedNames>
      <Descriptions />
      <EMailAddress xsi:nil="true"></EMailAddress>
      <SupportingWebsiteUrl xsi:nil="true"></SupportingWebsiteUrl>
      <CustomizationPrefix>cs</CustomizationPrefix>
      <CustomizationOptionValuePrefix>71764</CustomizationOptionValuePrefix>
      <Addresses />
    </Publisher>
    <RootComponents>
      <RootComponent type="91" id="{200930ea-12c8-47e3-bf80-cad968022068}" schemaName="CS.Wizard.Helpers, Version=1.0.0.0, Culture=neutral, PublicKeyToken=cf79128faafd1d49" behavior="0" />
    </RootComponents>
    <MissingDependencies />
  </SolutionManifest>
</ImportExportXml>